<?xml version="1.0" encoding="UTF-8"?>
<project-private xmlns="http://www.netbeans.org/ns/project-private/1">
    <editor-bookmarks xmlns="http://www.netbeans.org/ns/editor-bookmarks/2" lastBookmarkId="0"/>
    <open-files xmlns="http://www.netbeans.org/ns/projectui-open-files/2">
        <group>
            <file>file:/C:/Users/USUARIO/Documents/TRABAJOS/PROGRAMACIÓN/JAVA/DESARROLLO%20DE%20APLICACIONES%20EMPRESARIALES/PROYECTO%20VENTAS/PROYECTO_VENTAS/web/Mantenimientos/ManRoles.xhtml</file>
            <file>file:/C:/Users/USUARIO/Documents/TRABAJOS/PROGRAMACIÓN/JAVA/DESARROLLO%20DE%20APLICACIONES%20EMPRESARIALES/PROYECTO%20VENTAS/PROYECTO_VENTAS/src/java/Modelo/_Coneccion.java</file>
            <file>file:/C:/Users/USUARIO/Documents/TRABAJOS/PROGRAMACIÓN/JAVA/DESARROLLO%20DE%20APLICACIONES%20EMPRESARIALES/PROYECTO%20VENTAS/PROYECTO_VENTAS/web/Menu/MenuLogeado1.xhtml</file>
            <file>file:/C:/Users/USUARIO/Documents/TRABAJOS/PROGRAMACIÓN/JAVA/DESARROLLO%20DE%20APLICACIONES%20EMPRESARIALES/PROYECTO%20VENTAS/PROYECTO_VENTAS/web/Mantenimientos/ManClientes.xhtml</file>
        </group>
    </open-files>
</project-private>
